price,seller_rating,seller_reviews,description_length,shipping_time_days,spelling_errors,views,purchases,wishlist_adds,certification_badges,warranty_months,anomaly_score,risk_score_normalised,risk_tier,predicted_label,true_label,predicted_class,true_class
482.59,4.8,3702,992,8,1,1381,123,42,0,13,-0.0287,0.3626,LOW,0,0,Legitimate,Legitimate
165.68,1.1,34,154,42,4,1621,49,73,1,7,0.0713,0.8422,HIGH,1,1,Counterfeit,Counterfeit
99.1,3.6,4538,655,5,0,1710,7,81,2,21,-0.0292,0.3601,LOW,0,0,Legitimate,Legitimate
287.37,4.8,346,906,2,0,4340,129,75,4,8,-0.0169,0.4192,LOW,0,0,Legitimate,Legitimate
496.72,3.7,5633,969,3,0,4882,150,71,0,15,-0.0038,0.482,LOW,0,0,Legitimate,Legitimate
329.25,4.1,9112,543,3,1,3208,225,42,0,2,-0.0629,0.1983,LOW,0,0,Legitimate,Legitimate
354.8,3.5,3056,765,5,0,812,51,22,3,17,-0.0534,0.2441,LOW,0,0,Legitimate,Legitimate
53.39,3.5,16,186,23,1,3336,180,24,4,16,0.0918,0.9402,HIGH,1,1,Counterfeit,Counterfeit
302.75,3.5,2259,909,6,0,3935,161,83,4,12,-0.0114,0.4454,LOW,0,0,Legitimate,Legitimate
48.43,3.1,74,127,17,3,688,40,6,2,16,0.0924,0.9433,HIGH,1,1,Counterfeit,Counterfeit
65.64,4.0,80,158,30,3,1232,15,18,0,13,0.0756,0.8628,HIGH,1,1,Counterfeit,Counterfeit
168.14,4.0,5302,835,11,1,1673,17,32,0,13,-0.0597,0.2137,LOW,0,0,Legitimate,Legitimate
106.38,1.9,0,65,18,1,932,28,15,4,10,0.0698,0.8348,HIGH,1,1,Counterfeit,Counterfeit
151.9,4.4,7350,863,8,1,194,9,1,0,5,-0.0957,0.0412,LOW,0,0,Legitimate,Legitimate
355.27,3.6,7991,647,2,1,4580,414,34,3,22,-0.0385,0.3155,LOW,0,0,Legitimate,Legitimate
141.6,2.8,63,110,39,2,1293,30,26,1,4,0.0638,0.806,HIGH,1,1,Counterfeit,Counterfeit
465.66,4.4,4480,996,9,0,488,26,22,1,4,-0.0366,0.3248,LOW,0,0,Legitimate,Legitimate
191.31,3.8,97,66,41,2,171,10,2,2,0,0.0699,0.8355,HIGH,1,1,Counterfeit,Counterfeit
70.1,2.6,3,84,34,2,2407,208,82,3,16,0.0847,0.9062,HIGH,1,1,Counterfeit,Counterfeit
367.26,4.1,1758,988,9,1,470,35,8,1,20,-0.0664,0.1817,LOW,0,0,Legitimate,Legitimate
225.4,4.3,2780,673,11,0,2650,29,84,0,10,-0.0743,0.1437,LOW,0,0,Legitimate,Legitimate
328.61,3.6,5933,661,6,0,4571,262,55,3,5,-0.0811,0.111,LOW,0,0,Legitimate,Legitimate
93.73,3.6,30,87,27,4,2654,244,21,2,4,0.0723,0.8466,HIGH,1,1,Counterfeit,Counterfeit
160.86,2.9,67,188,18,2,1747,73,84,0,15,0.0681,0.8269,HIGH,1,1,Counterfeit,Counterfeit
141.07,4.2,2556,919,3,0,4350,267,98,2,8,-0.0426,0.2957,LOW,0,0,Legitimate,Legitimate
184.51,2.7,6,61,15,2,599,9,8,1,19,0.0642,0.808,HIGH,1,1,Counterfeit,Counterfeit
92.67,4.0,9243,571,9,1,235,3,5,2,2,-0.0193,0.4075,LOW,0,0,Legitimate,Legitimate
121.63,1.2,42,97,44,2,4052,83,9,4,15,0.0719,0.8451,HIGH,1,1,Counterfeit,Counterfeit
31.64,2.5,78,118,17,4,144,11,6,1,19,0.0924,0.9433,HIGH,1,1,Counterfeit,Counterfeit
187.77,3.4,83,161,43,1,4983,337,65,2,15,0.0651,0.8125,HIGH,1,1,Counterfeit,Counterfeit
93.6,3.8,6346,906,3,1,2510,74,70,0,11,-0.0222,0.3938,LOW,0,0,Legitimate,Legitimate
140.96,1.9,7,183,42,3,3167,212,64,0,9,0.064,0.8069,HIGH,1,1,Counterfeit,Counterfeit
73.51,3.6,89,129,43,3,4533,295,36,2,19,0.079,0.8787,HIGH,1,1,Counterfeit,Counterfeit
162.47,3.9,485,961,10,1,3900,242,86,2,2,-0.0241,0.3846,LOW,0,0,Legitimate,Legitimate
77.75,1.8,53,81,21,1,1544,152,21,1,12,0.0863,0.9138,HIGH,1,1,Counterfeit,Counterfeit
285.21,4.7,6272,240,6,1,4731,277,98,0,21,-0.0673,0.1772,LOW,0,0,Legitimate,Legitimate
215.69,4.7,2581,588,11,0,1708,140,43,0,1,-0.0599,0.2127,LOW,0,0,Legitimate,Legitimate
191.64,1.4,68,135,20,1,3599,147,75,0,17,0.0749,0.8594,HIGH,1,1,Counterfeit,Counterfeit
492.47,4.1,4577,714,2,1,4910,438,70,1,17,-0.0483,0.2687,LOW,0,0,Legitimate,Legitimate
379.95,4.0,8733,457,4,1,1208,115,43,4,13,-0.0653,0.1868,LOW,0,0,Legitimate,Legitimate
225.27,3.7,4182,464,13,0,1744,105,82,0,11,-0.0383,0.3163,LOW,0,0,Legitimate,Legitimate
231.94,4.8,9915,953,8,0,912,16,23,1,2,-0.0369,0.3231,LOW,0,0,Legitimate,Legitimate
162.89,3.1,8,185,22,2,4880,209,20,4,6,0.0686,0.829,HIGH,1,1,Counterfeit,Counterfeit
489.95,4.7,7166,265,8,1,3918,113,74,1,10,-0.0457,0.2809,LOW,0,0,Legitimate,Legitimate
36.98,3.3,18,117,27,4,4511,242,76,4,20,0.0929,0.9455,HIGH,1,1,Counterfeit,Counterfeit
493.06,4.5,8995,602,3,1,4238,322,10,0,3,0.0053,0.5256,MEDIUM,1,0,Counterfeit,Legitimate
198.21,1.8,34,175,16,3,4122,401,97,3,15,0.0857,0.9113,HIGH,1,1,Counterfeit,Counterfeit
34.58,2.7,64,155,43,3,1920,151,91,2,7,0.0958,0.9594,HIGH,1,1,Counterfeit,Counterfeit
108.69,3.3,85,59,35,2,1303,45,60,3,12,0.0653,0.8133,HIGH,1,1,Counterfeit,Counterfeit
127.84,1.7,10,71,35,3,571,25,7,1,16,0.0713,0.842,HIGH,1,1,Counterfeit,Counterfeit
115.5,3.4,25,79,39,3,4955,257,77,3,6,0.0651,0.8124,HIGH,1,1,Counterfeit,Counterfeit
159.6,4.7,7596,979,2,0,2971,292,6,3,12,-0.0035,0.4834,LOW,0,0,Legitimate,Legitimate
16.91,3.1,28,79,16,1,3099,173,18,4,17,0.0971,0.9657,HIGH,1,1,Counterfeit,Counterfeit
316.52,4.9,8596,356,8,1,2141,211,89,4,12,-0.0391,0.3126,LOW,0,0,Legitimate,Legitimate
489.95,4.9,5997,434,13,1,1845,92,79,1,17,-0.0206,0.4015,LOW,0,0,Legitimate,Legitimate
153.72,3.0,43,92,28,2,459,21,8,2,15,0.0707,0.8393,HIGH,1,1,Counterfeit,Counterfeit
143.5,2.2,31,144,28,3,4340,326,37,3,3,0.0653,0.8132,HIGH,1,1,Counterfeit,Counterfeit
156.46,1.7,83,58,36,2,4281,71,90,1,22,0.0636,0.805,HIGH,1,1,Counterfeit,Counterfeit
43.19,1.6,66,198,19,3,3474,211,27,1,17,0.0938,0.95,HIGH,1,1,Counterfeit,Counterfeit
257.07,4.1,7264,933,8,1,1369,25,42,4,22,-0.0762,0.1349,LOW,0,0,Legitimate,Legitimate
234.3,4.7,2493,822,9,1,3054,231,14,2,15,-0.0823,0.1053,LOW,0,0,Legitimate,Legitimate
58.9,3.2,36,124,31,2,445,19,19,2,1,0.0853,0.9094,HIGH,1,1,Counterfeit,Counterfeit
139.16,1.8,88,159,29,4,4361,149,7,0,12,0.0611,0.7933,HIGH,1,1,Counterfeit,Counterfeit
62.94,1.7,97,199,42,2,2063,205,31,2,9,0.0928,0.9451,HIGH,1,1,Counterfeit,Counterfeit
119.1,3.9,97,113,17,3,4971,400,33,2,3,0.0638,0.8059,HIGH,1,1,Counterfeit,Counterfeit
122.73,4.5,5532,494,4,1,3905,322,88,0,17,-0.0565,0.2293,LOW,0,0,Legitimate,Legitimate
19.84,3.0,37,99,41,3,4912,70,32,4,9,0.0988,0.9739,HIGH,1,1,Counterfeit,Counterfeit
171.07,2.1,71,179,18,3,1487,146,71,4,0,0.0723,0.8469,HIGH,1,1,Counterfeit,Counterfeit
116.88,1.2,8,156,17,1,1847,137,73,2,19,0.0659,0.8162,HIGH,1,1,Counterfeit,Counterfeit
98.71,1.9,21,92,15,2,3089,160,32,3,17,0.0672,0.8224,HIGH,1,1,Counterfeit,Counterfeit
412.12,4.7,4154,909,9,0,3348,163,0,4,11,-0.0435,0.2917,LOW,0,0,Legitimate,Legitimate
460.43,3.8,5562,251,2,1,10,0,0,1,6,0.0219,0.6051,MEDIUM,1,0,Counterfeit,Legitimate
157.7,4.8,6332,453,10,0,4277,13,71,0,3,-0.0642,0.1923,LOW,0,0,Legitimate,Legitimate
123.92,3.9,70,119,28,3,1888,9,46,3,11,0.0672,0.8222,HIGH,1,1,Counterfeit,Counterfeit
152.79,2.1,78,102,16,3,607,37,22,2,2,0.0722,0.8464,HIGH,1,1,Counterfeit,Counterfeit
189.14,2.8,85,115,23,1,4901,27,43,3,10,0.0705,0.838,HIGH,1,1,Counterfeit,Counterfeit
84.93,4.6,9622,550,13,1,1593,48,52,2,23,-0.031,0.3515,LOW,0,0,Legitimate,Legitimate
299.67,4.0,1851,800,1,0,3724,48,18,3,10,-0.0418,0.2994,LOW,0,0,Legitimate,Legitimate
108.4,3.6,1297,540,8,1,1584,70,4,0,4,-0.041,0.3036,LOW,0,0,Legitimate,Legitimate
401.61,4.9,6073,285,12,0,1646,155,41,2,20,-0.0334,0.3399,LOW,0,0,Legitimate,Legitimate
77.35,3.4,7,100,32,3,4324,8,45,4,6,0.0856,0.9104,HIGH,1,1,Counterfeit,Counterfeit
75.06,3.1,63,136,36,3,3716,275,64,3,10,0.0804,0.8858,HIGH,1,1,Counterfeit,Counterfeit
145.73,2.6,41,61,38,2,785,27,21,3,16,0.0708,0.8396,HIGH,1,1,Counterfeit,Counterfeit
101.52,2.6,12,191,18,3,211,5,9,4,5,0.0723,0.8466,HIGH,1,1,Counterfeit,Counterfeit
377.68,4.0,9311,872,7,0,975,78,15,1,21,-0.0352,0.3312,LOW,0,0,Legitimate,Legitimate
126.92,2.2,43,140,34,4,4310,380,72,3,11,0.0691,0.8314,HIGH,1,1,Counterfeit,Counterfeit
82.15,3.8,5681,653,1,0,4203,77,26,4,7,-0.0112,0.4465,LOW,0,0,Legitimate,Legitimate
173.6,4.8,127,316,1,1,3119,196,12,4,8,-0.0032,0.4848,LOW,0,0,Legitimate,Legitimate
472.29,4.5,4793,598,10,0,2124,192,96,2,3,-0.0548,0.2375,LOW,0,0,Legitimate,Legitimate
256.97,4.4,1821,824,9,0,202,18,5,1,9,-0.0736,0.1474,LOW,0,0,Legitimate,Legitimate
456.68,4.6,2490,308,1,0,4810,70,12,4,16,0.0071,0.534,MEDIUM,1,0,Counterfeit,Legitimate
475.35,3.6,5440,989,11,1,2829,207,34,3,6,-0.0027,0.487,LOW,0,0,Legitimate,Legitimate
274.83,3.7,1727,586,3,1,1182,100,50,2,0,-0.0559,0.2321,LOW,0,0,Legitimate,Legitimate
165.25,3.8,3826,499,2,1,2261,98,37,0,16,-0.0646,0.1903,LOW,0,0,Legitimate,Legitimate
32.16,3.1,50,50,37,1,3489,202,43,0,16,0.0926,0.9441,HIGH,1,1,Counterfeit,Counterfeit
399.13,4.0,4274,988,11,1,3727,80,46,3,14,-0.0614,0.2057,LOW,0,0,Legitimate,Legitimate
29.49,3.2,2,148,22,3,3073,19,14,4,4,0.0987,0.9736,HIGH,1,1,Counterfeit,Counterfeit
155.33,4.1,3366,595,2,0,4915,449,29,0,9,-0.063,0.1982,LOW,0,0,Legitimate,Legitimate
144.77,1.8,58,96,20,1,2649,129,12,4,15,0.0622,0.7984,HIGH,1,1,Counterfeit,Counterfeit
169.41,3.2,45,130,15,2,2732,7,90,0,23,0.0717,0.8437,HIGH,1,1,Counterfeit,Counterfeit
452.76,4.5,3411,907,12,1,3468,170,18,4,10,-0.0254,0.3784,LOW,0,0,Legitimate,Legitimate
173.27,3.9,7138,778,1,0,801,35,33,1,18,-0.0606,0.2094,LOW,0,0,Legitimate,Legitimate
497.2,4.0,1330,639,6,0,1515,34,0,3,20,-0.0377,0.3195,LOW,0,0,Legitimate,Legitimate
66.87,4.5,7681,479,4,1,2556,177,46,2,14,-0.0169,0.419,LOW,0,0,Legitimate,Legitimate
98.68,3.0,48,178,14,3,4742,9,65,2,7,0.0766,0.8672,HIGH,1,1,Counterfeit,Counterfeit
155.74,4.6,4022,367,3,0,3417,12,63,2,18,-0.0569,0.2274,LOW,0,0,Legitimate,Legitimate
191.61,2.0,86,138,16,4,4951,340,70,4,23,0.0778,0.8731,HIGH,1,1,Counterfeit,Counterfeit
333.01,3.7,4519,613,13,0,3388,203,1,4,4,-0.0208,0.4002,LOW,0,0,Legitimate,Legitimate
197.97,4.8,9885,646,9,0,4610,114,31,2,20,-0.0537,0.2427,LOW,0,0,Legitimate,Legitimate
394.2,4.2,3801,796,8,1,2566,138,91,4,11,-0.0504,0.2585,LOW,0,0,Legitimate,Legitimate
298.24,4.2,4612,990,12,1,1108,61,29,2,2,-0.0438,0.2899,LOW,0,0,Legitimate,Legitimate
160.73,4.4,2325,453,12,1,4824,459,87,1,4,-0.0509,0.256,LOW,0,0,Legitimate,Legitimate
465.88,4.8,1873,881,11,0,4605,55,91,1,12,-0.0122,0.4416,LOW,0,0,Legitimate,Legitimate
288.16,4.6,5393,291,7,0,1850,24,15,4,12,-0.0809,0.112,LOW,0,0,Legitimate,Legitimate
100.31,2.3,22,136,34,3,4897,301,7,4,2,0.0677,0.8247,HIGH,1,1,Counterfeit,Counterfeit
182.05,2.2,22,65,30,2,128,9,4,1,13,0.0749,0.8591,HIGH,1,1,Counterfeit,Counterfeit
247.81,3.9,7425,747,12,1,2765,87,35,1,6,-0.0643,0.1919,LOW,0,0,Legitimate,Legitimate
287.62,4.2,5577,591,8,1,2922,249,38,2,18,-0.1043,0.0,LOW,0,0,Legitimate,Legitimate
83.97,3.3,3,158,21,2,4224,326,15,2,23,0.0757,0.8633,HIGH,1,1,Counterfeit,Counterfeit
174.61,3.9,5476,441,10,0,4924,399,38,4,0,-0.0941,0.0489,LOW,0,0,Legitimate,Legitimate
117.77,4.9,9404,827,1,1,156,6,0,1,15,-0.0273,0.3691,LOW,0,0,Legitimate,Legitimate
136.15,2.6,10,69,22,4,4484,388,73,0,12,0.0757,0.8631,HIGH,1,1,Counterfeit,Counterfeit
146.05,1.7,70,178,35,2,1248,40,60,0,8,0.072,0.8451,HIGH,1,1,Counterfeit,Counterfeit
222.68,5.0,9947,930,8,1,2463,231,82,3,18,-0.0297,0.3577,LOW,0,0,Legitimate,Legitimate
174.14,1.1,38,134,24,3,3955,116,57,0,6,0.0726,0.8481,HIGH,1,1,Counterfeit,Counterfeit
164.57,4.9,4803,422,13,0,2573,17,50,3,19,-0.0413,0.3018,LOW,0,0,Legitimate,Legitimate
257.44,4.5,8892,703,3,1,66,4,1,2,15,-0.0483,0.2684,LOW,0,0,Legitimate,Legitimate
194.47,2.7,70,185,18,4,1233,78,52,2,16,0.0779,0.8735,HIGH,1,1,Counterfeit,Counterfeit
362.28,4.3,2216,210,10,1,824,45,11,1,12,-0.0666,0.1808,LOW,0,0,Legitimate,Legitimate
29.54,1.3,73,95,27,4,3532,322,34,1,2,0.0965,0.9628,HIGH,1,1,Counterfeit,Counterfeit
15.89,3.1,79,92,41,3,3612,73,54,2,3,0.0982,0.9711,HIGH,1,1,Counterfeit,Counterfeit
491.92,3.6,5288,565,2,0,868,49,24,1,23,-0.0349,0.3327,LOW,0,0,Legitimate,Legitimate
84.61,3.7,620,854,10,0,1833,79,44,4,9,0.0072,0.5345,MEDIUM,1,0,Counterfeit,Legitimate
148.55,3.6,2804,485,9,0,4904,344,99,4,23,-0.0544,0.2394,LOW,0,0,Legitimate,Legitimate
119.78,4.0,35,78,34,4,3751,59,10,4,19,0.0559,0.7683,HIGH,1,1,Counterfeit,Counterfeit
266.83,3.7,1242,730,12,1,772,25,10,4,7,-0.0601,0.2121,LOW,0,0,Legitimate,Legitimate
48.21,2.6,32,165,43,2,869,60,37,0,16,0.0907,0.9351,HIGH,1,1,Counterfeit,Counterfeit
171.59,3.1,93,51,26,3,851,76,41,1,15,0.0682,0.8274,HIGH,1,1,Counterfeit,Counterfeit
118.94,3.9,69,115,35,3,1724,4,46,3,3,0.0686,0.8291,HIGH,1,1,Counterfeit,Counterfeit
132.87,3.9,75,191,27,3,17,0,0,4,18,0.0718,0.8445,HIGH,1,1,Counterfeit,Counterfeit
319.35,4.1,6082,878,12,1,963,44,21,4,22,-0.0655,0.1859,LOW,0,0,Legitimate,Legitimate
176.37,4.4,6215,974,4,1,1367,52,13,4,16,-0.0639,0.1937,LOW,0,0,Legitimate,Legitimate
95.56,3.9,11,50,21,4,4392,129,58,0,3,0.0628,0.8012,HIGH,1,1,Counterfeit,Counterfeit
112.18,1.2,89,179,23,2,366,22,0,3,1,0.0702,0.8365,HIGH,1,1,Counterfeit,Counterfeit
187.99,3.4,14,130,15,1,3341,204,67,2,8,0.0641,0.8074,HIGH,1,1,Counterfeit,Counterfeit
26.59,3.8,58,126,41,3,3614,298,72,1,22,0.0849,0.9074,HIGH,1,1,Counterfeit,Counterfeit
133.86,3.6,95,101,29,1,204,2,0,4,13,0.0638,0.8059,HIGH,1,1,Counterfeit,Counterfeit
289.5,4.4,4227,696,1,0,2781,107,23,1,19,-0.0749,0.1411,LOW,0,0,Legitimate,Legitimate
66.01,3.7,7752,661,10,1,3505,244,92,2,0,-0.0046,0.4781,LOW,0,0,Legitimate,Legitimate
174.77,4.9,5008,401,7,1,3902,96,27,4,8,-0.0519,0.2511,LOW,0,0,Legitimate,Legitimate
62.75,4.5,2604,452,7,1,1279,84,60,3,22,-0.0327,0.3435,LOW,0,0,Legitimate,Legitimate
155.51,3.1,49,179,38,1,1139,69,2,1,2,0.0635,0.8048,HIGH,1,1,Counterfeit,Counterfeit
53.33,4.7,9018,880,1,1,3364,87,2,3,11,0.0171,0.582,MEDIUM,1,0,Counterfeit,Legitimate
431.28,3.7,2458,366,10,1,1968,184,53,3,16,-0.0424,0.2969,LOW,0,0,Legitimate,Legitimate
116.45,1.3,3,154,38,3,4762,443,73,1,23,0.0725,0.8477,HIGH,1,1,Counterfeit,Counterfeit
484.98,4.2,7471,434,6,0,4173,87,88,0,6,-0.031,0.3514,LOW,0,0,Legitimate,Legitimate
373.56,4.3,932,759,5,1,2524,100,70,2,12,-0.0743,0.1436,LOW,0,0,Legitimate,Legitimate
177.99,3.9,4321,799,5,0,3514,59,45,3,8,-0.0566,0.2286,LOW,0,0,Legitimate,Legitimate
146.29,1.4,0,95,16,2,746,21,26,4,12,0.073,0.8499,HIGH,1,1,Counterfeit,Counterfeit
47.37,2.9,50,61,30,3,2329,100,91,0,22,0.091,0.9365,HIGH,1,1,Counterfeit,Counterfeit
362.76,4.0,5401,233,5,0,1895,27,60,1,10,-0.0645,0.1906,LOW,0,0,Legitimate,Legitimate
94.97,1.5,46,179,18,1,3558,303,6,4,23,0.0771,0.8696,HIGH,1,1,Counterfeit,Counterfeit
22.8,3.4,92,187,23,4,2712,41,99,2,14,0.0973,0.9667,HIGH,1,1,Counterfeit,Counterfeit
31.09,2.5,25,161,41,1,1783,13,36,1,4,0.1013,0.9857,HIGH,1,1,Counterfeit,Counterfeit
60.69,4.3,8705,886,6,0,2573,49,13,4,4,-0.0008,0.4964,LOW,0,0,Legitimate,Legitimate
181.87,2.0,46,92,40,1,230,20,5,1,5,0.0689,0.8305,HIGH,1,1,Counterfeit,Counterfeit
23.22,3.9,45,163,27,1,538,32,0,1,6,0.0862,0.9136,HIGH,1,1,Counterfeit,Counterfeit
151.1,2.0,43,84,25,1,63,0,0,0,14,0.0827,0.8965,HIGH,1,1,Counterfeit,Counterfeit
105.64,5.0,8856,496,7,0,267,4,11,0,2,-0.0233,0.3883,LOW,0,0,Legitimate,Legitimate
368.27,4.5,9421,321,6,0,3006,69,31,2,9,-0.0342,0.336,LOW,0,0,Legitimate,Legitimate
450.84,4.8,1350,540,7,0,1206,114,10,0,18,-0.0179,0.4142,LOW,0,0,Legitimate,Legitimate
57.26,4.1,1408,586,4,1,3943,287,41,1,18,-0.0087,0.4582,LOW,0,0,Legitimate,Legitimate
320.31,4.4,1692,260,9,1,1348,77,60,0,11,-0.0705,0.162,LOW,0,0,Legitimate,Legitimate
283.32,4.1,8432,762,3,1,4720,141,36,2,2,-0.0827,0.1034,LOW,0,0,Legitimate,Legitimate
100.49,1.3,33,148,24,3,1151,51,51,3,1,0.0688,0.83,HIGH,1,1,Counterfeit,Counterfeit
93.13,1.1,91,154,14,4,899,61,0,0,12,0.0706,0.8388,HIGH,1,1,Counterfeit,Counterfeit
52.71,1.7,84,144,23,3,2349,16,89,3,4,0.0966,0.9635,HIGH,1,1,Counterfeit,Counterfeit
68.53,3.0,17,152,35,2,4868,320,50,1,1,0.0822,0.8942,HIGH,1,1,Counterfeit,Counterfeit
123.41,4.0,2879,350,9,1,1659,160,46,1,21,-0.0531,0.2455,LOW,0,0,Legitimate,Legitimate
403.56,3.9,3797,357,8,1,815,25,18,1,3,-0.0822,0.1057,LOW,0,0,Legitimate,Legitimate
178.31,3.4,58,131,19,1,2355,22,85,0,21,0.0659,0.816,HIGH,1,1,Counterfeit,Counterfeit
67.38,2.3,37,173,21,4,2919,104,15,1,3,0.0825,0.8956,HIGH,1,1,Counterfeit,Counterfeit
314.88,4.7,1742,553,7,0,3126,232,60,3,14,-0.0597,0.2138,LOW,0,0,Legitimate,Legitimate
144.21,1.0,24,101,29,1,1614,84,25,4,15,0.0718,0.8446,HIGH,1,1,Counterfeit,Counterfeit
107.45,2.6,94,165,24,2,1166,83,47,2,15,0.0677,0.8249,HIGH,1,1,Counterfeit,Counterfeit
14.42,3.6,42,155,41,3,3902,86,51,4,21,0.0971,0.966,HIGH,1,1,Counterfeit,Counterfeit
289.56,4.0,6768,905,9,1,982,30,20,1,7,-0.0579,0.2224,LOW,0,0,Legitimate,Legitimate
173.5,2.4,39,55,21,1,4592,403,5,4,6,0.0764,0.8662,HIGH,1,1,Counterfeit,Counterfeit
151.7,3.3,29,90,29,4,2228,192,8,3,22,0.0759,0.8643,HIGH,1,1,Counterfeit,Counterfeit
248.2,4.1,6463,760,9,1,1142,44,46,0,16,-0.0986,0.0275,LOW,0,0,Legitimate,Legitimate
26.31,2.4,82,132,30,3,3649,237,25,4,16,0.0966,0.9634,HIGH,1,1,Counterfeit,Counterfeit
198.09,3.6,49,123,30,4,1694,160,43,0,16,0.0697,0.8344,HIGH,1,1,Counterfeit,Counterfeit
100.45,3.0,21,105,14,2,3930,364,97,0,1,0.078,0.8739,HIGH,1,1,Counterfeit,Counterfeit
367.08,3.7,4358,503,13,1,425,3,7,2,1,-0.0598,0.2135,LOW,0,0,Legitimate,Legitimate
71.28,2.4,50,178,40,4,2881,89,15,4,11,0.0798,0.8826,HIGH,1,1,Counterfeit,Counterfeit
431.86,4.1,6359,419,13,0,381,16,6,3,5,-0.0593,0.2157,LOW,0,0,Legitimate,Legitimate
90.92,3.9,40,125,32,4,1004,47,17,0,11,0.0608,0.7916,HIGH,1,1,Counterfeit,Counterfeit
322.76,4.2,7494,253,1,0,612,24,22,3,20,-0.0518,0.2518,LOW,0,0,Legitimate,Legitimate
141.69,3.2,69,106,26,4,4862,322,78,2,1,0.0644,0.8088,HIGH,1,1,Counterfeit,Counterfeit
139.89,2.1,23,78,14,4,2263,155,17,2,0,0.0723,0.8468,HIGH,1,1,Counterfeit,Counterfeit
73.55,3.4,65,156,34,3,850,61,11,4,5,0.0816,0.8915,HIGH,1,1,Counterfeit,Counterfeit
96.19,2.9,60,56,14,3,4319,246,82,3,21,0.0716,0.8436,HIGH,1,1,Counterfeit,Counterfeit
200.02,4.2,4957,553,11,1,4424,86,40,1,1,-0.0856,0.0895,LOW,0,0,Legitimate,Legitimate
148.64,2.2,5,57,33,3,395,10,18,3,2,0.0639,0.8067,HIGH,1,1,Counterfeit,Counterfeit
232.91,3.8,9966,679,5,1,1129,9,11,2,6,-0.0636,0.1951,LOW,0,0,Legitimate,Legitimate
79.99,3.9,3,176,32,2,2151,59,99,0,0,0.0654,0.8137,HIGH,1,1,Counterfeit,Counterfeit
267.19,3.8,364,497,4,0,2777,128,69,2,0,-0.017,0.4186,LOW,0,0,Legitimate,Legitimate
151.14,3.8,3134,975,8,0,4464,367,40,4,21,-0.0328,0.3428,LOW,0,0,Legitimate,Legitimate
72.62,3.8,56,119,14,4,289,5,2,2,7,0.0743,0.8562,HIGH,1,1,Counterfeit,Counterfeit
417.38,3.9,8029,570,6,1,3187,274,32,1,2,-0.0787,0.1228,LOW,0,0,Legitimate,Legitimate
194.21,1.5,64,142,39,3,1465,137,12,3,8,0.0729,0.8497,HIGH,1,1,Counterfeit,Counterfeit
264.4,3.8,5889,980,5,0,1314,30,54,1,9,-0.0462,0.2787,LOW,0,0,Legitimate,Legitimate
92.72,2.2,16,91,43,1,1104,107,33,2,19,0.0783,0.8755,HIGH,1,1,Counterfeit,Counterfeit
73.57,3.1,44,94,32,2,4312,401,38,2,19,0.0871,0.9179,HIGH,1,1,Counterfeit,Counterfeit
298.79,4.9,6919,221,1,0,386,2,11,3,10,-0.0028,0.4865,LOW,0,0,Legitimate,Legitimate
489.21,4.6,2535,448,5,0,1145,46,40,2,17,-0.0578,0.223,LOW,0,0,Legitimate,Legitimate
300.63,4.5,4337,917,6,1,4039,207,39,3,11,-0.0822,0.106,LOW,0,0,Legitimate,Legitimate
181.13,4.8,8827,499,3,0,4145,303,83,3,5,-0.0422,0.298,LOW,0,0,Legitimate,Legitimate
288.6,4.5,4252,777,9,0,868,51,10,0,21,-0.0615,0.2051,LOW,0,0,Legitimate,Legitimate
360.93,4.8,9635,467,8,0,866,45,33,2,20,-0.051,0.2556,LOW,0,0,Legitimate,Legitimate
460.54,4.5,6534,720,13,1,1767,54,74,0,14,-0.0489,0.2654,LOW,0,0,Legitimate,Legitimate
61.3,3.0,75,79,40,3,30,2,0,0,17,0.0853,0.9091,HIGH,1,1,Counterfeit,Counterfeit
71.26,3.3,26,122,25,4,2509,85,68,0,17,0.081,0.8885,HIGH,1,1,Counterfeit,Counterfeit
105.92,3.0,99,160,38,1,2562,31,48,2,11,0.0741,0.8552,HIGH,1,1,Counterfeit,Counterfeit
49.96,3.4,23,109,41,4,3223,303,77,2,3,0.0955,0.9581,HIGH,1,1,Counterfeit,Counterfeit
163.71,3.8,23,105,27,2,1592,22,75,2,18,0.0593,0.7845,HIGH,1,1,Counterfeit,Counterfeit
22.62,1.3,98,75,15,3,4050,26,64,0,7,0.1026,0.992,HIGH,1,1,Counterfeit,Counterfeit
193.19,4.4,5270,479,12,0,3425,270,60,0,1,-0.0745,0.1429,LOW,0,0,Legitimate,Legitimate
54.84,2.6,59,140,16,4,4857,248,36,4,22,0.0917,0.9398,HIGH,1,1,Counterfeit,Counterfeit
426.39,4.3,634,892,7,1,1014,67,13,2,1,-0.0556,0.2335,LOW,0,0,Legitimate,Legitimate
77.55,2.3,44,157,39,4,918,12,35,0,18,0.0782,0.8752,HIGH,1,1,Counterfeit,Counterfeit
68.9,4.9,8230,252,2,1,207,6,2,3,0,0.0223,0.6069,MEDIUM,1,0,Counterfeit,Legitimate
190.2,3.6,5039,534,2,0,3994,192,94,4,7,-0.0557,0.2328,LOW,0,0,Legitimate,Legitimate
248.07,4.3,5398,993,4,1,4307,406,36,0,19,-0.0406,0.3054,LOW,0,0,Legitimate,Legitimate
372.77,4.7,8814,691,6,0,204,17,1,3,17,-0.0338,0.3379,LOW,0,0,Legitimate,Legitimate
129.85,2.4,18,72,40,2,555,52,24,1,15,0.0721,0.8458,HIGH,1,1,Counterfeit,Counterfeit
224.37,3.8,2093,281,6,1,1500,33,42,4,18,-0.0277,0.3671,LOW,0,0,Legitimate,Legitimate
125.31,3.9,1334,322,7,0,771,14,24,0,2,-0.049,0.2651,LOW,0,0,Legitimate,Legitimate
90.3,4.0,29,82,23,1,164,6,0,4,11,0.0623,0.7987,HIGH,1,1,Counterfeit,Counterfeit
58.64,4.5,3910,474,7,0,581,55,7,0,15,-0.0171,0.4181,LOW,0,0,Legitimate,Legitimate
87.87,3.7,2157,340,10,1,2777,260,68,1,13,0.0063,0.5303,MEDIUM,1,0,Counterfeit,Legitimate
376.79,4.8,6312,741,9,1,2350,206,76,4,12,-0.0163,0.4217,LOW,0,0,Legitimate,Legitimate
38.0,2.0,35,112,29,3,1002,83,21,0,20,0.095,0.9556,HIGH,1,1,Counterfeit,Counterfeit
331.95,4.1,793,298,2,0,793,57,3,0,18,-0.0436,0.2911,LOW,0,0,Legitimate,Legitimate
40.52,3.7,12,104,21,2,1127,5,34,2,19,0.0909,0.9361,HIGH,1,1,Counterfeit,Counterfeit
330.21,5.0,5405,554,8,1,4315,303,39,0,11,-0.0727,0.1515,LOW,0,0,Legitimate,Legitimate
406.62,3.8,4086,999,7,0,620,55,28,4,19,-0.0199,0.4046,LOW,0,0,Legitimate,Legitimate
20.98,1.2,77,67,25,3,462,0,12,1,15,0.1042,1.0,HIGH,1,1,Counterfeit,Counterfeit
27.66,1.8,71,81,14,1,2566,141,35,0,22,0.0937,0.9493,HIGH,1,1,Counterfeit,Counterfeit
66.44,3.6,46,124,15,2,4727,46,6,3,15,0.0842,0.904,HIGH,1,1,Counterfeit,Counterfeit
28.03,2.2,86,71,24,4,4635,37,33,0,12,0.0974,0.9673,HIGH,1,1,Counterfeit,Counterfeit
30.45,3.3,5,155,31,3,1235,83,5,2,2,0.0961,0.9611,HIGH,1,1,Counterfeit,Counterfeit
110.13,3.7,1297,489,10,1,36,1,0,4,3,-0.0175,0.416,LOW,0,0,Legitimate,Legitimate
193.65,4.2,2619,877,6,0,2849,281,1,4,1,-0.0511,0.2552,LOW,0,0,Legitimate,Legitimate
217.78,4.2,5167,513,13,1,403,35,15,4,20,-0.077,0.1307,LOW,0,0,Legitimate,Legitimate
238.92,4.7,2580,406,5,1,4701,12,29,3,12,-0.0405,0.3057,LOW,0,0,Legitimate,Legitimate
54.28,2.7,95,159,16,1,390,11,10,0,5,0.092,0.9411,HIGH,1,1,Counterfeit,Counterfeit
323.94,4.5,5354,970,7,0,4452,24,39,2,18,-0.0359,0.3278,LOW,0,0,Legitimate,Legitimate
272.53,3.8,3748,600,4,0,2496,83,64,3,12,-0.0688,0.1701,LOW,0,0,Legitimate,Legitimate
153.31,2.9,78,132,22,3,4295,370,6,3,0,0.0771,0.87,HIGH,1,1,Counterfeit,Counterfeit
394.16,4.5,916,392,1,1,1798,130,78,4,20,-0.0279,0.3663,LOW,0,0,Legitimate,Legitimate
78.09,1.3,84,167,33,4,2554,59,60,1,11,0.0755,0.8621,HIGH,1,1,Counterfeit,Counterfeit
61.47,3.7,84,59,20,2,4785,378,12,0,15,0.0795,0.8814,HIGH,1,1,Counterfeit,Counterfeit
130.91,1.3,83,156,32,3,1809,122,7,2,18,0.0747,0.8582,HIGH,1,1,Counterfeit,Counterfeit
463.6,3.7,4696,705,5,1,4556,94,55,1,20,-0.0657,0.1852,LOW,0,0,Legitimate,Legitimate
256.69,3.7,2508,882,2,0,3963,247,51,2,11,-0.0311,0.3509,LOW,0,0,Legitimate,Legitimate
287.96,4.7,1228,555,10,1,3994,69,57,4,14,-0.0755,0.138,LOW,0,0,Legitimate,Legitimate
132.69,1.5,40,145,17,2,2960,61,83,3,2,0.0646,0.8099,HIGH,1,1,Counterfeit,Counterfeit
219.85,4.2,3151,875,4,0,4703,179,96,4,22,-0.0649,0.1891,LOW,0,0,Legitimate,Legitimate
281.58,4.0,1150,382,4,0,4525,239,33,3,22,-0.0655,0.1862,LOW,0,0,Legitimate,Legitimate
113.44,4.5,9528,715,1,1,1170,56,44,1,15,-0.0481,0.2694,LOW,0,0,Legitimate,Legitimate
235.61,4.3,3604,226,8,1,1429,50,62,1,17,-0.0445,0.2869,LOW,0,0,Legitimate,Legitimate
21.41,2.7,33,196,37,4,292,25,11,4,0,0.097,0.965,HIGH,1,1,Counterfeit,Counterfeit
458.87,4.8,4580,968,4,1,4935,12,82,0,12,-0.0209,0.3997,LOW,0,0,Legitimate,Legitimate
67.64,1.2,89,148,26,4,2657,208,24,0,1,0.085,0.9078,HIGH,1,1,Counterfeit,Counterfeit
388.64,3.9,7165,213,12,1,4290,114,64,0,21,-0.0324,0.3447,LOW,0,0,Legitimate,Legitimate
341.56,4.9,9166,392,4,1,3200,204,93,3,9,-0.0548,0.2372,LOW,0,0,Legitimate,Legitimate
240.91,3.8,3775,893,3,0,2645,140,53,3,20,-0.0602,0.2113,LOW,0,0,Legitimate,Legitimate
407.27,3.7,6004,801,13,0,599,44,5,2,13,0.0132,0.5634,MEDIUM,1,0,Counterfeit,Legitimate
29.39,1.6,63,127,21,1,1158,87,47,3,10,0.0938,0.9498,HIGH,1,1,Counterfeit,Counterfeit
492.81,3.6,2017,303,12,0,966,16,32,3,16,0.0182,0.5873,MEDIUM,1,0,Counterfeit,Legitimate
102.05,1.5,58,97,16,4,3400,173,44,0,17,0.0695,0.8334,HIGH,1,1,Counterfeit,Counterfeit
499.52,4.7,3923,264,6,0,3923,24,81,0,17,-0.0338,0.338,LOW,0,0,Legitimate,Legitimate
280.5,4.5,671,814,8,1,3750,205,89,2,4,-0.0731,0.1497,LOW,0,0,Legitimate,Legitimate
36.17,3.8,25,199,33,2,3049,45,74,4,21,0.0849,0.907,HIGH,1,1,Counterfeit,Counterfeit
79.97,2.9,50,156,43,1,2647,64,85,1,23,0.0749,0.8591,HIGH,1,1,Counterfeit,Counterfeit
395.79,4.8,355,760,1,0,1870,14,46,2,18,-0.0113,0.4459,LOW,0,0,Legitimate,Legitimate
312.08,3.7,4822,289,4,0,526,36,13,2,22,-0.0702,0.1636,LOW,0,0,Legitimate,Legitimate
494.84,3.6,8272,879,6,1,1723,10,22,1,13,0.0158,0.5757,MEDIUM,1,0,Counterfeit,Legitimate
79.57,4.4,7523,633,8,1,3802,340,64,2,13,-0.0384,0.3161,LOW,0,0,Legitimate,Legitimate
132.44,2.1,68,196,20,2,234,3,1,3,15,0.076,0.8643,HIGH,1,1,Counterfeit,Counterfeit
432.36,3.5,2916,749,2,0,235,3,3,1,16,-0.0319,0.3469,LOW,0,0,Legitimate,Legitimate
21.7,2.7,48,98,23,1,2209,204,41,3,6,0.1006,0.9827,HIGH,1,1,Counterfeit,Counterfeit
115.26,4.6,5890,962,11,0,4492,281,52,1,22,-0.0338,0.3378,LOW,0,0,Legitimate,Legitimate
179.33,4.3,6796,270,8,0,3698,161,62,0,16,-0.0558,0.2324,LOW,0,0,Legitimate,Legitimate
391.82,4.2,3301,333,13,0,514,38,3,2,17,-0.0273,0.3693,LOW,0,0,Legitimate,Legitimate
408.46,4.1,3409,869,13,0,657,51,17,2,17,-0.0492,0.264,LOW,0,0,Legitimate,Legitimate
87.09,1.1,28,183,29,1,2986,131,43,1,11,0.0706,0.8386,HIGH,1,1,Counterfeit,Counterfeit
160.65,4.4,6343,584,11,0,4887,91,54,2,21,-0.083,0.1022,LOW,0,0,Legitimate,Legitimate
158.19,4.2,1703,288,2,0,917,31,22,4,1,-0.0361,0.3269,LOW,0,0,Legitimate,Legitimate
54.38,4.0,1308,855,4,1,3649,178,52,0,3,-0.0279,0.3663,LOW,0,0,Legitimate,Legitimate
448.91,4.2,7629,400,5,0,369,31,12,1,18,-0.0769,0.1315,LOW,0,0,Legitimate,Legitimate
174.28,3.3,90,138,27,4,1337,68,61,3,1,0.0616,0.7956,HIGH,1,1,Counterfeit,Counterfeit
96.4,2.5,49,87,33,3,2803,7,84,0,22,0.0796,0.8818,HIGH,1,1,Counterfeit,Counterfeit
228.25,4.4,1519,259,13,1,4416,167,63,1,1,-0.0523,0.2495,LOW,0,0,Legitimate,Legitimate
166.79,3.0,97,198,15,4,4233,95,91,4,13,0.0636,0.805,HIGH,1,1,Counterfeit,Counterfeit
151.93,1.6,52,59,42,3,4427,171,27,2,13,0.0696,0.8337,HIGH,1,1,Counterfeit,Counterfeit
457.08,3.8,5807,894,2,0,1857,17,29,1,18,-0.0063,0.4701,LOW,0,0,Legitimate,Legitimate
83.13,1.3,30,168,32,4,2703,176,98,2,2,0.0749,0.8591,HIGH,1,1,Counterfeit,Counterfeit
67.11,3.4,21,76,21,2,3151,5,27,2,12,0.0898,0.9305,HIGH,1,1,Counterfeit,Counterfeit
441.9,3.5,8731,510,8,1,3753,6,12,2,15,-0.0086,0.4588,LOW,0,0,Legitimate,Legitimate
82.19,2.2,14,122,39,1,474,31,21,0,3,0.0764,0.8663,HIGH,1,1,Counterfeit,Counterfeit
48.94,3.9,4,147,30,1,3816,323,68,4,23,0.0827,0.8968,HIGH,1,1,Counterfeit,Counterfeit
72.19,3.1,87,155,16,4,4116,326,57,2,15,0.0832,0.899,HIGH,1,1,Counterfeit,Counterfeit
112.18,3.6,72,161,34,2,613,5,25,3,14,0.0723,0.8468,HIGH,1,1,Counterfeit,Counterfeit
323.24,4.0,8203,421,5,1,4115,72,80,3,5,-0.0945,0.0467,LOW,0,0,Legitimate,Legitimate
106.3,1.3,21,175,14,1,584,12,20,3,22,0.0716,0.8433,HIGH,1,1,Counterfeit,Counterfeit
167.75,2.3,23,109,32,2,4201,175,38,1,14,0.0613,0.7942,HIGH,1,1,Counterfeit,Counterfeit
284.87,4.9,4964,984,7,1,848,57,21,2,11,-0.0589,0.2176,LOW,0,0,Legitimate,Legitimate
336.93,4.0,8277,662,12,0,2096,68,51,3,18,-0.0793,0.1197,LOW,0,0,Legitimate,Legitimate
92.04,2.1,47,163,27,4,1712,121,8,0,16,0.0724,0.8475,HIGH,1,1,Counterfeit,Counterfeit
66.39,3.9,13,51,42,3,1618,94,27,0,2,0.0735,0.8525,HIGH,1,1,Counterfeit,Counterfeit
50.97,4.0,49,65,22,1,4026,218,94,0,20,0.0796,0.8817,HIGH,1,1,Counterfeit,Counterfeit
157.92,3.3,14,165,38,3,1068,104,40,4,5,0.0729,0.8494,HIGH,1,1,Counterfeit,Counterfeit
91.24,1.9,72,57,38,4,4698,427,4,1,14,0.0771,0.8699,HIGH,1,1,Counterfeit,Counterfeit
427.48,4.8,2923,828,7,1,4476,446,84,3,7,-0.0079,0.4623,LOW,0,0,Legitimate,Legitimate
58.73,2.6,76,52,18,4,4571,376,86,1,8,0.0889,0.9263,HIGH,1,1,Counterfeit,Counterfeit
129.41,1.1,91,170,44,1,3785,191,49,0,12,0.0641,0.8073,HIGH,1,1,Counterfeit,Counterfeit
373.47,3.8,4202,788,3,0,159,12,4,3,6,-0.0661,0.1833,LOW,0,0,Legitimate,Legitimate
376.03,3.5,2449,779,10,1,4141,231,96,3,2,-0.047,0.2745,LOW,0,0,Legitimate,Legitimate
184.53,1.5,82,119,26,3,1581,45,5,3,7,0.0626,0.8004,HIGH,1,1,Counterfeit,Counterfeit
204.83,5.0,826,801,4,0,2994,130,95,4,19,-0.0385,0.3153,LOW,0,0,Legitimate,Legitimate
23.92,1.0,56,98,39,2,4571,233,43,2,2,0.0973,0.9669,HIGH,1,1,Counterfeit,Counterfeit
113.71,1.9,87,155,22,4,3517,96,24,3,4,0.0653,0.8134,HIGH,1,1,Counterfeit,Counterfeit
176.51,3.6,2540,558,12,0,2084,125,16,3,9,-0.0423,0.2973,LOW,0,0,Legitimate,Legitimate
468.75,4.4,8536,895,12,1,4295,245,38,3,7,-0.042,0.2986,LOW,0,0,Legitimate,Legitimate
124.74,2.8,16,162,25,1,1704,25,62,3,20,0.0733,0.8515,HIGH,1,1,Counterfeit,Counterfeit
71.08,1.8,30,112,31,4,3205,281,76,0,7,0.0853,0.909,HIGH,1,1,Counterfeit,Counterfeit
171.94,3.2,65,93,15,3,3555,155,89,0,2,0.06,0.7881,HIGH,1,1,Counterfeit,Counterfeit
83.57,4.2,7056,397,4,1,3581,174,84,3,19,-0.0378,0.319,LOW,0,0,Legitimate,Legitimate
99.55,3.9,7,188,18,2,1747,136,10,3,11,0.0641,0.8073,HIGH,1,1,Counterfeit,Counterfeit
168.96,3.0,80,110,39,4,884,1,7,3,10,0.0718,0.8444,HIGH,1,1,Counterfeit,Counterfeit
53.08,4.1,7579,834,6,1,2933,262,26,0,13,-0.02,0.4041,LOW,0,0,Legitimate,Legitimate
72.31,2.0,27,97,41,2,2260,143,10,2,22,0.0819,0.893,HIGH,1,1,Counterfeit,Counterfeit
151.4,3.6,16,127,27,1,3006,16,46,1,10,0.076,0.8644,HIGH,1,1,Counterfeit,Counterfeit
65.52,3.7,7350,705,13,1,2686,96,43,1,23,-0.0154,0.4263,LOW,0,0,Legitimate,Legitimate
28.25,3.0,13,167,38,4,3960,134,10,1,13,0.0962,0.9616,HIGH,1,1,Counterfeit,Counterfeit
152.65,1.4,75,56,36,3,1351,107,54,3,11,0.0753,0.8613,HIGH,1,1,Counterfeit,Counterfeit
70.84,3.0,10,180,23,1,2437,75,0,1,0,0.0812,0.8896,HIGH,1,1,Counterfeit,Counterfeit
367.1,4.6,1859,622,5,1,3044,99,71,2,18,-0.0939,0.0496,LOW,0,0,Legitimate,Legitimate
73.83,2.6,34,111,24,2,1980,88,32,2,6,0.0767,0.8681,HIGH,1,1,Counterfeit,Counterfeit
201.78,4.3,6408,617,1,0,3419,95,59,2,15,-0.0644,0.1914,LOW,0,0,Legitimate,Legitimate
82.81,4.1,2655,494,3,1,3975,54,26,4,6,-0.0512,0.2545,LOW,0,0,Legitimate,Legitimate
130.3,4.6,710,323,6,1,838,31,28,1,0,-0.0239,0.3854,LOW,0,0,Legitimate,Legitimate
172.43,3.9,74,52,27,4,4731,158,32,0,11,0.0509,0.7443,MEDIUM,1,1,Counterfeit,Counterfeit
176.64,1.2,39,125,18,1,4878,444,94,0,2,0.0782,0.8752,HIGH,1,1,Counterfeit,Counterfeit
480.77,4.7,1896,246,7,0,1606,122,34,1,17,-0.0401,0.3077,LOW,0,0,Legitimate,Legitimate
447.02,3.9,5419,395,10,0,1939,24,43,1,2,-0.061,0.2075,LOW,0,0,Legitimate,Legitimate
122.42,1.9,51,130,34,2,4409,415,48,3,11,0.0784,0.8762,HIGH,1,1,Counterfeit,Counterfeit
26.77,3.3,87,158,18,2,3357,78,64,2,9,0.0941,0.9513,HIGH,1,1,Counterfeit,Counterfeit
117.81,1.9,87,117,36,3,2275,107,50,2,19,0.0634,0.8043,HIGH,1,1,Counterfeit,Counterfeit
209.02,3.8,323,975,7,1,1553,92,36,2,4,-0.0254,0.3785,LOW,0,0,Legitimate,Legitimate
91.06,4.1,905,528,1,1,93,6,3,0,9,-0.0153,0.4268,LOW,0,0,Legitimate,Legitimate
310.33,4.1,3438,490,6,0,4019,254,41,2,13,-0.0781,0.1256,LOW,0,0,Legitimate,Legitimate
234.15,3.9,335,591,13,0,275,22,9,4,10,-0.0122,0.4416,LOW,0,0,Legitimate,Legitimate
58.72,3.7,16,67,32,3,1185,90,47,2,5,0.0804,0.8856,HIGH,1,1,Counterfeit,Counterfeit
60.44,3.9,87,190,29,4,50,2,0,4,3,0.076,0.8644,HIGH,1,1,Counterfeit,Counterfeit
469.41,3.7,7159,441,4,0,895,64,21,1,23,-0.0482,0.269,LOW,0,0,Legitimate,Legitimate
107.77,3.1,43,104,36,1,818,43,30,3,14,0.0702,0.8366,HIGH,1,1,Counterfeit,Counterfeit
136.23,2.5,88,129,24,4,1016,68,2,1,17,0.0634,0.8043,HIGH,1,1,Counterfeit,Counterfeit
182.65,4.5,5285,387,10,0,4814,245,39,3,17,-0.097,0.0348,LOW,0,0,Legitimate,Legitimate
58.99,3.1,14,107,17,1,4482,398,91,1,23,0.0907,0.935,HIGH,1,1,Counterfeit,Counterfeit
117.89,4.2,3769,676,10,0,4771,260,34,4,12,-0.0682,0.1729,LOW,0,0,Legitimate,Legitimate
256.41,4.1,9742,890,3,1,3823,344,82,0,5,-0.0463,0.2782,LOW,0,0,Legitimate,Legitimate
143.65,4.6,1394,978,1,0,1332,68,12,1,10,-0.0092,0.456,LOW,0,0,Legitimate,Legitimate
352.67,4.2,4712,285,2,0,3495,113,81,0,7,-0.0587,0.2185,LOW,0,0,Legitimate,Legitimate
277.81,4.0,347,724,6,0,3747,149,73,3,15,-0.053,0.246,LOW,0,0,Legitimate,Legitimate
222.78,4.6,8101,559,3,0,2696,111,33,2,3,-0.0767,0.1325,LOW,0,0,Legitimate,Legitimate
152.44,2.7,94,185,16,3,2874,163,6,4,15,0.0712,0.8415,HIGH,1,1,Counterfeit,Counterfeit
422.49,4.1,9474,424,6,0,378,22,14,0,7,-0.0828,0.1029,LOW,0,0,Legitimate,Legitimate
55.49,2.6,92,123,28,1,1293,28,8,3,8,0.092,0.9413,HIGH,1,1,Counterfeit,Counterfeit
398.36,4.4,9785,981,8,0,4853,258,22,3,12,-0.0251,0.38,LOW,0,0,Legitimate,Legitimate
185.2,1.2,46,52,28,2,403,33,13,2,9,0.0676,0.8241,HIGH,1,1,Counterfeit,Counterfeit
164.09,1.2,59,60,37,1,613,35,20,1,11,0.0703,0.8371,HIGH,1,1,Counterfeit,Counterfeit
68.86,1.7,72,50,18,1,93,3,2,3,4,0.0818,0.8924,HIGH,1,1,Counterfeit,Counterfeit
113.6,3.2,86,74,42,4,3569,20,28,2,22,0.0763,0.8662,HIGH,1,1,Counterfeit,Counterfeit
191.42,1.1,23,177,37,2,4354,270,44,1,2,0.0783,0.8755,HIGH,1,1,Counterfeit,Counterfeit
376.98,3.9,7107,664,10,1,1489,22,32,4,18,-0.0577,0.2233,LOW,0,0,Legitimate,Legitimate
493.5,4.1,680,457,6,0,4915,298,20,4,15,-0.0219,0.3952,LOW,0,0,Legitimate,Legitimate
179.1,2.8,39,106,18,2,4719,26,4,4,7,0.0802,0.8847,HIGH,1,1,Counterfeit,Counterfeit
424.08,3.7,762,245,4,1,1278,62,9,0,4,-0.0001,0.4997,LOW,0,0,Legitimate,Legitimate
90.8,2.7,47,185,22,3,3955,54,76,4,4,0.0767,0.8679,HIGH,1,1,Counterfeit,Counterfeit
56.48,3.7,5288,293,4,0,2489,84,38,3,0,-0.0057,0.4726,LOW,0,0,Legitimate,Legitimate
183.1,3.5,80,191,23,3,3861,181,23,4,10,0.0629,0.8016,HIGH,1,1,Counterfeit,Counterfeit
38.69,3.0,46,53,30,2,2739,258,58,0,11,0.0974,0.9672,HIGH,1,1,Counterfeit,Counterfeit
485.59,3.6,4958,600,7,0,2132,178,37,3,1,0.0108,0.552,MEDIUM,1,0,Counterfeit,Legitimate
46.02,1.1,42,52,31,4,1887,114,38,2,8,0.0924,0.9433,HIGH,1,1,Counterfeit,Counterfeit
140.64,2.0,32,86,20,3,2702,124,52,1,17,0.0698,0.835,HIGH,1,1,Counterfeit,Counterfeit
72.3,1.5,96,142,36,2,2265,167,46,2,9,0.0824,0.8951,HIGH,1,1,Counterfeit,Counterfeit
76.81,4.6,413,839,4,0,833,67,23,3,12,-0.0118,0.4437,LOW,0,0,Legitimate,Legitimate
334.12,4.1,1509,768,2,0,4976,279,20,1,13,-0.0488,0.2661,LOW,0,0,Legitimate,Legitimate
325.13,3.7,3772,657,10,1,4521,244,61,4,2,-0.066,0.1838,LOW,0,0,Legitimate,Legitimate
144.82,1.7,9,68,27,3,4977,138,46,1,0,0.0632,0.803,HIGH,1,1,Counterfeit,Counterfeit
178.26,2.9,99,166,36,3,2430,196,35,4,21,0.0667,0.8199,HIGH,1,1,Counterfeit,Counterfeit
57.5,1.6,61,92,18,3,4233,184,59,1,7,0.0875,0.9197,HIGH,1,1,Counterfeit,Counterfeit
29.14,3.1,34,125,40,2,1065,62,11,4,0,0.0938,0.95,HIGH,1,1,Counterfeit,Counterfeit
72.98,3.5,7369,481,5,0,3445,210,26,1,11,-0.0164,0.4213,LOW,0,0,Legitimate,Legitimate
255.56,4.6,854,682,4,0,2324,200,88,1,22,-0.036,0.3277,LOW,0,0,Legitimate,Legitimate
145.68,3.2,68,137,21,1,1813,74,2,3,4,0.0616,0.7955,HIGH,1,1,Counterfeit,Counterfeit
296.54,4.2,6542,289,8,0,2521,233,60,3,2,-0.029,0.3611,LOW,0,0,Legitimate,Legitimate
89.06,2.0,28,108,22,1,3359,193,46,0,23,0.074,0.8551,HIGH,1,1,Counterfeit,Counterfeit
128.46,2.8,48,130,35,4,4214,278,45,2,14,0.0652,0.8129,HIGH,1,1,Counterfeit,Counterfeit
54.92,4.7,2480,214,9,1,1666,124,19,3,9,0.009,0.5431,MEDIUM,1,0,Counterfeit,Legitimate
405.44,4.5,5705,204,9,1,3924,330,12,3,7,-0.0397,0.3095,LOW,0,0,Legitimate,Legitimate
87.32,3.7,61,161,36,3,1983,196,28,2,6,0.0748,0.8589,HIGH,1,1,Counterfeit,Counterfeit
386.65,3.8,5951,947,13,0,3515,290,75,4,22,-0.0141,0.4324,LOW,0,0,Legitimate,Legitimate
357.11,3.9,9648,398,7,1,4741,18,90,1,9,-0.0668,0.1795,LOW,0,0,Legitimate,Legitimate
20.56,3.1,7,158,14,2,2468,140,62,2,13,0.0976,0.9683,HIGH,1,1,Counterfeit,Counterfeit
321.13,3.9,3331,861,11,1,3822,63,90,0,12,-0.0627,0.1993,LOW,0,0,Legitimate,Legitimate
194.06,3.3,3,107,37,1,2811,48,59,0,16,0.0794,0.8808,HIGH,1,1,Counterfeit,Counterfeit
15.89,3.1,54,108,43,3,1011,5,0,2,19,0.1029,0.9935,HIGH,1,1,Counterfeit,Counterfeit
149.09,2.2,7,182,36,1,2826,135,10,1,19,0.0621,0.7977,HIGH,1,1,Counterfeit,Counterfeit
186.64,3.2,43,198,28,3,4769,130,0,4,21,0.0628,0.8011,HIGH,1,1,Counterfeit,Counterfeit
470.33,4.4,5121,457,12,1,3064,305,94,1,8,-0.0381,0.3175,LOW,0,0,Legitimate,Legitimate
142.31,2.2,19,113,35,4,2088,74,86,0,15,0.0704,0.8377,HIGH,1,1,Counterfeit,Counterfeit
179.34,2.9,85,52,43,1,435,36,2,1,22,0.0756,0.8628,HIGH,1,1,Counterfeit,Counterfeit
135.8,2.6,76,82,19,4,2149,96,58,2,15,0.0698,0.8349,HIGH,1,1,Counterfeit,Counterfeit
52.24,3.9,5318,935,12,1,1112,56,42,3,12,-0.0186,0.411,LOW,0,0,Legitimate,Legitimate
110.84,3.0,93,183,33,1,1179,109,35,3,18,0.0778,0.873,HIGH,1,1,Counterfeit,Counterfeit
126.24,1.2,15,97,31,1,1392,51,10,2,17,0.0714,0.8423,HIGH,1,1,Counterfeit,Counterfeit
199.85,4.1,7920,312,13,1,2613,229,5,3,14,-0.052,0.2508,LOW,0,0,Legitimate,Legitimate
474.14,4.1,4258,250,8,0,4086,190,29,1,5,-0.0392,0.3121,LOW,0,0,Legitimate,Legitimate
480.42,3.7,4720,966,12,1,4491,55,39,3,12,-0.0292,0.3599,LOW,0,0,Legitimate,Legitimate
247.52,4.8,1505,801,5,1,4345,103,82,0,22,-0.0845,0.0951,LOW,0,0,Legitimate,Legitimate
368.76,4.8,4386,621,12,0,835,30,22,1,9,-0.0649,0.1887,LOW,0,0,Legitimate,Legitimate
129.18,2.4,95,88,24,1,1163,36,36,2,1,0.0628,0.8014,HIGH,1,1,Counterfeit,Counterfeit
56.06,1.6,52,171,24,4,4732,38,73,3,16,0.0941,0.9512,HIGH,1,1,Counterfeit,Counterfeit
61.18,3.1,40,154,41,2,292,22,4,2,4,0.0864,0.9143,HIGH,1,1,Counterfeit,Counterfeit
15.35,1.3,21,53,31,4,2736,56,30,3,9,0.0981,0.9703,HIGH,1,1,Counterfeit,Counterfeit
89.03,3.4,32,64,27,3,3202,239,80,2,14,0.0745,0.8572,HIGH,1,1,Counterfeit,Counterfeit
38.72,4.0,64,195,36,3,989,10,31,3,22,0.0835,0.9004,HIGH,1,1,Counterfeit,Counterfeit
